DOI_CR,title_CR,y,ISSN,pdf_filename
10.1257/aer.101.2.470,Reference points and effort provision,0.0,00028282,1
10.1257/aer.102.7.3317,Imperfect public monitoring with costly punishment: An experimental study,1.0,00028283,2
10.1257/aer.102.2.834,"Screening, competition and job design: Economic origins of good jobs",1.0,00028284,3
10.1257/aer.101.4.1211,Participation,1.0,00028285,4
10.1257/aer.101.6.2562,The potential of social identity for equilibrium selection,0.0,00028286,5
10.1257/aer.104.11.3434,On the selection of arbitrators,1.0,00028287,6
10.1257/aer.104.6.1735,Gift exchange versus monetary exchange: Theory and evidence,0.0,00028288,7
10.1257/aer.101.2.526,"The economics of credence goods: An experiment on the role of liability, verifiability, reputation, and competition.",1.0,00028289,8
10.1093/qje/qjr034,Expectations as endowments: Evidence on reference- dependent preferences from exchange and valuation experiments,0.0,00335533,9
10.1257/aer.103.4.1325,The lure of authority: Motivation and incentive effects of power.,1.0,00028289,10
10.1257/aer.102.1.337,A continuous dilemma,1.0,00028290,11
10.1257/aer.102.2.720,Slow to anger and fast to forgive: Cooperation in an uncertain world,1.0,00028291,12
10.1257/aer.101.2.819,Deferred compensation in multiperiod labor contracts: An experimental test of Lazear?s model,0.0,00028292,13
10.1257/aer.101.7.3109,Happiness and time preference: The effect of positive affect in a random-assignment experiment,0.0,00028293,14
10.1257/aer.102.5.2018,Organ allocation policy and the decision to donate,1.0,00028294,15
10.1257/aer.102.2.865,Thar she bursts: Reducing confusion reduces bubbles.,1.0,00028295,16
10.1257/aer.101.2.927,Coordination in the presence of asset markets,1.0,00028296,17
10.1093/qje/qjt035,?Last-place aversion?: Evidence and redistributive implication,0.0,00335533,18
10.1287/mnsc.1100.1157,Impossible Frontiers,0.0,00251909,19
10.1257/aer.104.7.2127,A Balls-and-Bins Model of Trade,0.0,00028296,20
10.1016/j.jeem.2015.05.002,"Three reasons to use annual payments in contingent valuation surveys: Convergent validity, discount rates, and mental accounting",0.0,00950696,21
10.1016/0304-3932(94)90047-7,The role of human capital in economic development: evidence from aggregate cross-country data,1.0,03043932,22
10.1007/BF01890157,Economic performance and political popularity in the Republic of Ireland,0.0,00485829,23
10.1086/298126,The Strategic Bequest Motive,0.0,0734306X,24
10.4337/9781786434692.00010,An Adding-up Test on Contingent Valuations of River and Lake Quality,0.0,book chapter,25
10.1257/mac.3.3.92,Education and Catch-Up in the Industrial Revolution,0.0,19457707,26
10.1086/605565,Political Influence Behind the Veil of Peer Review: An Analysis of Public Biomedical Research Funding in the U.S.,0.0,00222186,27
10.1111/j.1468-0297.2011.02482.x,Counting Chickens When They Hatch: Timing and the Effects of Aid on Growth,0.0,,28
10.1162/0033553041502153,Do Voters Affect or Elect Policies? Evidence from the U. S. House,1.0,00335533,29
10.1016/j.ejpoleco.2003.10.001,Meta-analysis of the effect of fiscal policies on long-run growth,1.0,01762680,30
10.1016/S1386-4181(01)00024-6,Illiquidity and stock returns: cross-section and time-series effects,0.0,13864181,31
10.1162/003465398557744,On using current information to value hard-rock mineral properties,0.0,00346535,32
10.1257/aer.90.4.847,"Aid, policies and growth",0.0,00028296,33
10.1016/j.jhealeco.2007.01.003,Fraternity membership and binge drinking,1.0,01676296,34
10.2307/145795,Reservation Wages and Their Labor Market Effects for Black and White Male Youth,0.0,0022166X,35
10.1111/J.1538-4616.2008.00172.X,Political Regimes and the Cost of Disinflation,0.0,00222879,36
10.1257/aer.20151318,Choice Inconsistencies among the Elderly: Evidence from Plan Choice in Medicare Part D Program,0.0,00028296,37
10.2307/146208,The Varied Economic Returns to Postsecondary Education: New Evidence from the Class of 1972,0.0,0022166X,38
10.1016/J.JUE.2004.03.001,Compensating differentials and the social benefits of the NFL,0.0,00941190,39
10.1002/(SICI)1099-1255(200001/02)15:1<59::AID-JAE544>3.0.CO;2-1,Asymptotically perfect and relative convergence of productivity,0.0,15140326,40
10.1086/261221,Crime on the Court,0.0,00223808,41
10.1257/AER.100.2.573,Growth in a Time of Debt,1.0,00028296,42
10.1016/J.LABECO.2010.10.004,Learning unethical practices from a co-worker: The peer effect of Jose Canseco,1.0,09275371,43
10.1257/POL.4.3.1,Distributive Politics and Electoral Incentives: Evidence from Seven US State Legislatures,0.0,19457731,44
10.1086/664820,Do Powerful Politicians Cause Corporate Downsizing?,0.0,00223808,45
10.1257/AER.90.5.1209,Does Competition among Public Schools Benefit Students and Taxpayers?,1.0,00028296,46
10.2139/ssrn.294524,Does Increasing Women's Schooling Raise the Schooling of the Next Generation?,0.0,15565068,47
10.1162/REST_a_00437,Does Online Availability Increase Citations? Theory and Evidence from a Panel of Economics and Business Journals,1.0,00346535,48
10.1257/AER.20140012,Media Influences on Social Outcomes: The Impact of MTV's 16 and Pregnant on Teen Childbearing,0.0,00028296,49
10.1080/00036840500217267,Measuring Advertising Intensity and Intangible Capital in the Greek Food Industry,0.0,00036846 ,50
10.1016/S2214-109X(14)70025-7,Association between economic growth and early childhood undernutrition: evidence from 121 Demographic and Health Surveys from 36 low-income and middle-income countries,0.0,2214109X,51
10.1111/J.1467-8381.2010.02044.X,Evolution of Education Premiums in Cambodia: 1997‚Äì2007,0.0,13513958,52
10.1016/J.JEDC.2012.02.003,The stock market crash of 2008 caused the Great Recession: Theory and evidence,1.0,01651889,54
10.2307/1926912,The Duration of the Adjustment Process of Financial Ratios,0.0,00346535,56
10.1016/S0305-750X(00)00018-8,Gender Inequality and Economic Growth: A Cross-Country Analysis,0.0,0305750X,57
10.1093/QJE/QJR029,Why Do Mothers Breastfeed Girls Less than Boys? Evidence and implications for Child Health in India,1.0,00335533,58
10.1007/s10887-005-4712-0,Growth Accelerations,0.0,13814338,59
10.1016/S0014-2921(00)00083-0,Growth effects of government expenditure and taxation in rich countries,0.0,00142921,60
10.1080/00220388.2011.646989,High Noon for Microfinance Impact Evaluations: Re-investigating the Evidence from Bangladesh,1.0,00220388 ,61
10.2307/2118389,Income Distribution and Infant Mortality,0.0,00335533,62
10.1080/00220380701846735,The Benefits and Costs of Microfinance: Evidence from Bangladesh,1.0,00220388 ,63
10.2139/ssrn.2338464,Nuclear Accidents and Policy: Notes on Public Perception,0.0,,64
10.2307/146226,The Receipt of Transfer Payments by Immigrants to Canada,0.0,0022166X,65
10.1016/j.jpubeco.2005.02.003,The social costs of gun ownership,1.0,00472727,66
10.1257/POL.4.2.1,Measuring the Output Responses to Fiscal Policy,1.0,19457731,67
10.1023/A:1024223916710,"Optimal Taxation, Economic Growth and Income Inequality",0.0,00485829,68
10.2139/ssrn.293396,Is Literacy Shared within Households? Theory and Evidence from Bangladesh,1.0,15565068,69
10.1257/AER.102.1.238,Macroeconomic Effects of Financial Shocks,0.0,00028296,70
10.1016/J.ECONLET.2003.08.003,A note on pro-poor growth,0.0,01651765,71
10.1257/aer.101.7.3221,The Slave Trade and the Origins of Mistrust in Africa,1.0,00028296,73
10.1002/jae.851,Estimating the effect of smoking on birth outcomes using a matched panel data approach,1.0,15140326,74
10.1002/jae.944,Gravity models of intra-EU trade: application of the CCEP-HT estimation in heterogeneous panels with unobserved common time-specific factors,0.0,15140326,75
10.1016/j.jmacro.2013.01.005,Estimating the elasticity of intertemporal substitution when instruments are weak,1.0,01640704,76
"10.1016/j.jeconom.2010.03.040
",A spatio-temporal model of house prices in the USA,1.0,03044076,77
10.1257/aer.101.3.398,The Risky Steady State,0.0,00028296,78
10.1162/JEEA.2008.6.2-3.445,Are Muslim Immigrants Different in Terms of Cultural Integration?,0.0,15424766,79
10.1080/1350485032000126712,Economic impact of national sporting success: evidence from the London stock exchange,0.0,13504851,80
10.3982/ECTA8827,On the Size Distribution of Macroeconomic Disasters,1.0,00129682,81
10.2139/ssrn.560461,Inflation and the Distribution of Relative Prices: The Role of Productivity and Money Supply Shocks,1.0,15565068,82
10.2139/ssrn.726695,"Fleshing Out the Monetary Transmission Mechanism: Output, Composition and the Role of Financial Frictions",1.0,15610810,83
10.1002/jae.3950050408,On efficient estimation with panel data: An empirical comparison of instrumental variables estimators,0.0,15140326,84
10.3386/w14217,"Financial Stability, the Trilemma, and International Reserves",1.0,08982937,85
10.1002/jae.744,Learning about heterogeneity in returns to schooling,1.0,15140326,86
10.1002/jae.3950040504,Diagnostic tests for models based on individual data: a survey,0.0,15140326,87
10.3386/w14875,Risk Matters: The Real Effects of Volatility Shocks,0.0,08982937,88
10.1111/j.1540-6237.2009.00618.x,Same-Sex Marriage and Negative Externalities,0.0,00384941,89
10.2307/145241,"Internal-External Attitudes, Personal Initiative, and the Labor Market Experience of Black and White Men",0.0,0022166X,90
10.1111/j.1468-0297.2012.02529.x,"Productivity, Quality and Export Behaviour",0.0,14680297,91
10.1002/jae.1141,Simulation estimation of two-tiered dynamic panel Tobit models with an application to the Labor supply of married women,0.0,15140326,92
10.3386/w18492,The Short-Run and Long-Run Effects of Behavioral Interventions: Experimental Evidence from Energy Conservation,0.0,08982937,93
10.3386/w0579,"Social Security, Induced Retirement, and Aggregate Capital Accumulation",0.0,08982937,94
10.2307/145802,The Labor Force Participation Behavior of Married Women under Conditions of Constraints on Borrowing,0.0,0022166X,95
10.1257/pol.6.1.167,Stimulating Local Public Employment: Do General Grants Work?,0.0,19457731,96
10.1257/000282802762024601,Learning-by-Doing as a Propagation Mechanism,1.0,00028282,98
10.2307/2601236,Lifting the Veil of Secrecy from Monetary Policy: Evidence from the Fed's Early Discount Rate Policy,1.0,00222879,100
10.2307/2601238,Variability in the Effects of Monetary Policy on Economic Activity,1.0,00222879,101
10.3386/w11591,Evidence that Seat Belts are as Effective as Child Safety Seats in Preventing Death for Children Aged Two and Up,1.0,08982937,102
10.1257/aer.103.7.3102,"Taxes, Cigarette Consumption, and Smoking Intensity",0.0,00028296,103
10.1257/00028280260136381,"Technological Change, Technological Catch-up, and Capital Deepening: Relative Contribution to Growth and Convergence",1.0,00028282,104
10.1086/261930,Evidence on Adverse Selection: Equilibrium Signaling and Cross Subsidization in the Insurance Market,0.0,00223808,105
10.1086/467988,"Crime, Deterrence, and Right-to-Carry Concealed Handguns",0.0,00472530,106
10.1257/aer.91.5.1369,The Colonial Origins of Comparative Development: An Empirical Investigation,0.0,00028296,107
10.1257/aer.98.4.1591,The Cycle of Violence? An Empirical Analysis of Fatalities in the Palestinian-Israeli Conflict,0.0,00028296,108
10.3386/w12153,The Diffusion of Development,1.0,08982937,109
10.2307/145846,The Distribution of Economic Losses Among Displaced Workers: Measurement Methods Matter,0.0,0022166X,110
10.3386/w13910,The Dynamic Behavior of the Real Exchange Rate in Sticky Price Models,0.0,08982937,111
10.1257/aer.97.1.354,The Economic Impacts of Climate Change: Evidence from Agricultural Output and Random Fluctuations in Weather,0.0,00028296,112
10.1016/j.jpubeco.2010.06.002,Property Rights for the Poor: Effects of Land Titling,1.0,00472727,113
10.2307/1885668,The Effects of Taxation on the Selling of Corporate Stock and the Realization of Capital Gains,0.0,00335533,114
10.1002/jae.764,Health care reform and the number of doctor visits‚Äîan econometric analysis,1.0,15140326,115
10.1086/261892,The Rising Price of Husbands: A Hedonic Analysis of Dowry Increases in Rural India,0.0,00223808,116
10.1086/261649,"An Accurate Measurement of the Crowd-Out Effect, Income Effect, and Price Effect for Charitable Contributions",0.0,00223808,117
10.1111/j.1744-7976.2011.01226.x,New Evidence on the Impact of Index Funds in U.S. Grain Futures Markets,0.0,00083976,118
10.1016/0304-405X(82)90004-6,The value line enigma (1965-1978): A case study of performance evaluation issues,1.0,0304405X,119
10.3386/w9873,Are Emily and Greg More Employable Than Lakisha and Jamal? A Field Experiment on Labor Market Discrimination,0.0,08982937,120
10.2307/145539,"The Labor Supply of Female Household Heads, or AFDC Work Incentives Don't Work Too Well",0.0,0022166X,121
10.1162/rest.90.2.275,Estimating the variance of wages in the presence of selection and unobserved heterogeneity,0.0,00346535,122
10.1257/aer.104.9.2593,Measuring the Impacts of Teachers I: Evaluating Bias in Teacher Value-Added Estimates,1.0,00028296,123
10.1257/aer.89.3.525,Follow the Leader: Theory and Evidence on Political Participation,1.0,00028296,124
10.1257/000282804322970823,Vertical Relationships and Competition in Retail Gasoline Markets: Empirical Evidence from Contract Changes in Southern California,0.0,00028282,125
10.1016/S0165-1765(01)00402-5,Long run real exchange rates: evidence from Mexico,0.0,01651765,126
10.1016/j.eneco.2016.03.014,Nonlinear causality between crude oil price and exchange rate: A comparative study of China and India,0.0,01409883,127
10.1002/jae.623,Model uncertainty in cross-country growth regressions,1.0,15140326,128
10.1002/jae.1020,Rough and lonely road to prosperity: a reexamination of the sources of growth in Africa using Bayesian model averaging,1.0,15140326,129
10.1002/jae.1046,Jointness of growth determinants,1.0,15140326,130
10.1080/10242690210963,Defense Spending Promotes Aggregate Output in the United States--Evidence from Cointegration Analysis,0.0,10242694,131
10.1002/jae.3950100404,Multiple regimes and cross-country growth behaviour,1.0,15140326,132
10.1002/JAE.3950030205,Asymptotic theory and econometric practice,1.0,15140326,133
10.1086/261674,A Theory of Career Mobility,0.0,00223808,134
10.1111/1467-8462.00207,The impact of children on the lifetime earnings of Australian women: Evidence from the 1990s,0.0,00049018,135
10.3316/ielapa.200110708,Foregone earnings from child rearing: Changes between 1986 and 1997,0.0,10302646,136
10.3982/ECTA6822,Unconditional Quantile Regressions,1.0,00129682,137
10.3386/w5214,Fiscal expansions and adjustments in OECD countries,1.0,08982937,138
10.1086/298261,"""Overeducation"" in the labor market",1.0,0734306X,139
10.2307/145998,The impact of surplus schooling on earnings: Some additional findings,1.0,0022166X,140
10.1037/0022-3514.56.2.161,Mental simulation of causality.,0.0,00223514,141
10.1037/a0016797,Memory compression in Vis. Working Memory,1.0,00963445,142
10.1177/0956797610377341,Independent Sampling of Features,1.0,09567976,143
10.1016/j.jesp.2010.05.025,"Accent, processing fluency and credibility judgment",0.0,00221031,144
doi:10.1006/cogp.2001.0748,Spatial representations do not prime temporal ones,0.0,00100285,145
10.1016/j.jesp.2007.06.005,Interaction of social primes on knowledge,1.0,00221031,146
10.1111/j.1467-9280.1990.tb00227.x,Efficient search for 3D orientation (e.g. cubes).,0.0,09567976,147
10.1038/nature01647,Video-game players have larger attention capacity,0.0,00280836,148
10.1037/0022-3514.74.4.865,Failed replication to prime intelligent behavior.,0.0,00223514,149
10.1073/pnas.1118373109,Higher SES predicts unethical decision making,1.0,00278424,150
10.1016/j.brainres.2007.08.032,Uncued trials are faster in pure-block design,1.0,00068993,151
10.1037/0022-3514.92.2.325,Glucose promotes self-control processes,1.0,00223514,153
10.1111/j.1467-9280.2008.02084,No effect of distance priming on calorie estimates,0.0,09567976,154
10.1177/0956797610393745,Uncertainty may not increase romantic attraction,0.0,09567976,155
10.1111/j.1467-9280.2009.02426.x,Clipboard weight did not affect cogn. elaboration,0.0,09567976,156
10.1177/0146167210383440,Process model of affect misattribution procedure,0.0,01461672,157
10.1016/j.cognition.2007.07.017,On the (non)persuasive influence of a brain image,0.0,00100277,158
10.1037/a0016997,Prosocial games prime prosocial behavior.,0.0,00223514,160
10.1177/0956797611434748,Replication of Sexualized Body Inversion Effects,1.0,09567976,161
10.1348/000709909X466479,Priming with A or F did not affect analogy scores,0.0,1359107X,162
10.1177/0956797612447820,Ideological symmetry in prejudice,1.0,09567976,163
10.1006/jesp.2001.1488,Non-affective cues influence problem solving.,0.0,00221031,164
10.1037/a0022571,Facial and Body Expressions on Approachability,1.0,15283542,165
10.1177/0956797611418837,Perception of Time,0.0,09567976,166
10.1086/676126,Category Size Bias in Probability Judgments,1.0,00935301,168
10.1177/0146167208318952,"The ones who dislike, become disliked",1.0,01461672,169
10.1177/0956797613503853,Mindfulness and bias: More than sunk-costs,1.0,09567976,170
10.1037/a0023527,Showering and Loneliness: Participants from Israel,0.0,15283542,171
10.1086/677893,Completing Categories Fosters Feelings of Progress,1.0,00935301,172
10.1177/0956797611410985,Menstrual cycle effect on outgroup male bias,1.0,09567976,173
10.1037/a0024875,"Failure to replicate ""are numbers gendered?""",0.0,00963445,174
10.1037/a0025345,Processing fluency of hierarchical relationships,0.0,00223514,177
10.1515/cog-2013-0030,Personality predicts temporal perspective,0.0,09365907,178
10.1111/j.1467-9280.2009.02434.x,Drink temp affects perceptions of social proximity,0.0,09567976,179
10.1177/0956797611402514,Cleanliness reminders affect political attitudes,0.0,09567976,180
10.1037/0022-3514.95.2.293,Negative outcomes for those who tempt fate,0.0,00223514,181
10.1126/science.1239918,Literary fiction did not improve affective ToM,0.0,00368075,182
10.1037/a0036678,Perceptions of Religiously-Motivated Good Deeds,1.0,00963445,183
10.1037/pspa0000032,Higher agreement with more-than statements,1.0,00223514,184
10.1086/678484,"Processing Resources, Prices & Purchase Likelihood",0.0,00935301,185
10.1177/1948550611401425,The Effects of Individual Life Philosophies,1.0,19485506,186
10.1016/j.jesp.2014.04.011,Power Affects Perceived Time Available,1.0,00221031,187
10.1037/0022-3514.66.6.1081,Sex and sexual orientation differences in mating,1.0,00223514,188
10.1037/0022-3514.95.5.1150,Background Color on Perceived Attractiveness,1.0,00223514,189
10.3758/s13423-015-0866-8,Red on Perceived Attractiveness of Men,1.0,10699384,190
10.1177/0956797616636631,Favorable Sex Ratios Unrelated to Diversification,0.0,09567976,191
10.1016/j.obhdp.2016.06.001,Perceived self-efficacy & charitable donations,0.0,07495978,192
10.1037/xge0000228,Ambiguity Prolongs the Present,1.0,00963445,193
10.1037/0033-295X.114.2.245,Suspicious Coincidence Effect Replicated,1.0,0033295X,194
10.1037/a0028883,Diminished egocentrism effect replicated,1.0,02787393 ,195
10.1177/0956797609356283,Distance Perception Unaffected by State of Thirst,0.0,09567976,196
10.1177/0956797616678204,The Influence of Race on Object Identification,0.0,09567976,197
10.1037/a0029288,,0.0,00963445,198
10.1016/j.jesp.2009.03.009,,1.0,00221031,199
10.1016/j.jesp.2010.05.014,,1.0,00221031,200
10.1037/0022-3514.83.1.44,,1.0,00223514,201
10.1177/01461672952111004,,1.0,01461672,203
10.1177/0956797611414726,,0.0,09567976,204
10.1086/268936,,1.0,0033362X,205
10.1126/science.7455683,,1.0,00368075,206
10.1002/ejsp.2013,,1.0,00462772,207
10.1037/a0034462,,0.0,00963445,208
10.1037/0096-3445.136.4.569,,0.0,00963445,209
10.1037/a0015141,,1.0,00223514,210
10.1177/0956797611429579,,1.0,09567976,211
10.1037//0022-3514.83.5.1239,,1.0,00223514,212
10.1037/a0015960,,0.0,15283542,213
10.1002/bdm.586,,0.0,08943257,214
10.1037/0022-3514.73.4.733,,0.0,00223514,215
10.1111/j.1468-0017.2006.00297.x,,1.0,02681064,216
10.1177/0956797611434537,,0.0,09567976,218
10.1016/0022-1031(77)90049-X,,1.0,00221031,219
10.1016/j.obhdp.2006.10.001,,0.0,07495978,220
10.1177/0956797609359908 ,,0.0,09567976,222
10.1207/s15516709cog2605_4,,1.0,03640213,223
10.1002/(SICI)1099-0771(199806)11:2<107::AID-BDM292>3.0.CO;2-Y,,1.0,08943257,224
10.1037/a0013748,,1.0,00223514,225
10.1126/science.1130726,,0.0,00368075,226
10.3758/bf03197186,,0.0,0090502X,227
10.1038/nclimate2093,,0.0,1758678X,228
10.1111/1467-8284.00419,,1.0,00032638,229
10.1016/s0010-0277(99)00073-6,,1.0,00100277,231
10.1016/0010-0285(73)90033-9,,1.0,00100285,232
10.1016/S0191-8869(99)00204-4,,0.0,01918869,233
10.1111/j.1467-9280.2006.01824.x,,0.0,09567976,234
10.1027/1864-9335/a000147,,0.0,18649335,236
10.1037/0022-3514.45.4.805,,1.0,00223514,237
10.1037/0022-3514.82.5.792,,0.0,00223514,238
10.1037/0022-3514.81.1.33,,1.0,00223514,239
10.1007/s12110-004-1010-z,,1.0,10456767,240
10.1016/j.jesp.2008.03.012,,0.0,00221031,241
10.1037/h0033373,,0.0,00223514,245
10.1037/0022-3514.70.6.1142,,1.0,00223514,246
10.1111/j.1467-9280.1996.tb00346.x,,0.0,09567976,248
10.1111/j.1467-9280.2009.02326.x,,0.0,09567976,249
10.1177/0956797610372631,,0.0,09567976,252
10.1177/0956797611432497,,0.0,09567976,253
10.1126/science.1162548,,0.0,00368075,254
10.2307/1251163,,0.0,00222429,255
10.1016/0010-0285(90)90003-m,,1.0,00100285,256
10.1037/0022-3514.82.6.956,,0.0,00223514,259
10.1037/0022-3514.54.5.768,,0.0,00223514,260
10.1038/nature11467,,0.0,00280836,261
10.1177/0956797610395393,,0.0,09567976,262
10.1177/0956797614526415,,0.0,09567976,263
10.1126/science.1189993,,0.0,00368075,264
10.1126/science.1224313,,1.0,00368075,265
10.1038/nature12774,,1.0,00280836,266
10.1126/science.1221936,,1.0,00368075,267
10.1126/science.1215647,,0.0,00368075,268
10.1038/nature13530,,1.0,00280836,269
10.1126/science.1183532,,1.0,00368075,270
10.1126/science.1190792,,1.0,00368075,272
10.1126/science.1186799,,0.0,00368075,273
10.1126/science.1195701,,1.0,00368075,274
10.1038/nature15392,,1.0,00280836,275
10.1126/science.1191465,,1.0,00368075,276
10.1126/science.1199427,,0.0,00368075,277
10.1126/science.1222426,,0.0,00368075,279
10.1126/science.1207745,,0.0,00368075,280
10.1126/science.1250830,,1.0,00368075,281
10.1037/0022-3514.71.2.230,,0.0,00223514,284
10.1037/0022-3514.81.6.1014,,0.0,00223514,285
10.1037/a0021524,,0.0,00223514,287
10.1177/0956797610383437,,0.0,09567976,290
10.1016/j.cognition.2006.02.009,,0.0,00100277,294
10.1016/j.jesp.2011.11.012,,0.0,00221031,295
10.1111/j.1467-9280.2008.02112.x,,1.0,09567976,296
10.1111/j.1467-9280.2007.02004.x,,1.0,09567976,298
10.1037/h0032317,,0.0,00223514,299
10.1016/0022-1031(89)90010-3,,0.0,00221031,300
10.2307/2786238,,0.0,00380431,303
10.1037/0022-3514.74.3.774,,0.0,00223514,304
10.1016/j.jesp.2004.07.001,,0.0,00221031,305
10.1037/0096-3445.136.2.241,,0.0,00963445,306
10.1037/0022-3514.85.1.33,,0.0,00223514,307
10.1037/a0027598,,0.0,00963445,308
10.1177/0956797611435919,,0.0,09567976,310
10.1126/science.1132491,,0.0,00368075,311
10.1177/0956797609358096,,0.0,09567976,312
10.1037/0278-7393.34.2.353,Tracing attention and the activation flow in spoken word planning using eye movements.,0.0,02787393 ,315
10.1037/0278-7393.34.1.146,"Now you see it, now you don't: repetition blindness for nonwords",0.0,02787393 ,316
10.1037/0278-7393.34.3.478,Working memory costs of task switching.,0.0,02787393 ,317
10.1037/0278-7393.34.1.230,Accelerated relearning after retrieval-induced forgetting: The benefit of being forgotten.,0.0,02787393 ,318
10.1037/0278-7393.34.1.237,The intermixed-blocked effect in human perceptual learning is not the consequence of trial spacing.,0.0,02787393 ,319
10.1037/0278-7393.34.1.97,"A single-system account of the relationship between priming, recognition, and fluency.",1.0,02787393 ,320
10.1037/0278-7393.34.1.219,Modeling distributions of immediate memory effects: No strategies needed?,0.0,02787393 ,321
10.1037/0278-7393.34.3.460,Stereotypes and retrieval-provoked illusory source recollections.,0.0,02787393 ,322
10.1037/0278-7393.34.2.430,Across-notation automatic numerical processing.,1.0,02787393 ,323
10.1037/0278-7393.34.1.65,Attractor dynamics and semantic neighborhood density: Processing is slowed by near neighbors and speeded by distant neighbors.,1.0,02787393 ,324
10.1037/0278-7393.34.1.243,When does between-sequence phonological similarity promote irrelevant sound disruption?,0.0,02787393 ,325
10.1037/0278-7393.34.3.546,Bidirectional associations in multiplication memory: Conditions of negative and positive transfer.,1.0,02787393 ,326
10.1037/0278-7393.34.3.514,The Stroop effect: Why proportion congruent has nothing to do with congruency and everything to do with contingency.,1.0,02787393 ,327
10.1037/0278-7393.34.1.186,The ultimate sampling dilemma in experience-based decision making.,1.0,02787393 ,328
10.1037/0278-7393.34.3.439,How to say no: Single-and dual-process theories of short-term recognition tested on negative probes.,0.0,02787393 ,329
10.1037/0278-7393.34.2.408,"Intentional forgetting is easier after two ""shots"" than one.",0.0,02787393 ,330
10.1037/0278-7393.34.2.302,How does bilingualism improve executive control? A comparison of active and reactive inhibition mechanisms.,0.0,02787393 ,331
10.1037/0278-7393.34.2.343,Priming addition facts with semantic relations.,1.0,02787393 ,332
10.1037/0278-7393.34.3.524,Learning correct responses and errors in the Hebb repetition effect: two faces of the same coin.,1.0,02787393 ,333
10.1037/0278-7393.34.3.495,On the additive effects of stimulus quality and word frequency in lexical decision: Evidence for opposing interactive influences revealed by RT distributional analyses.,1.0,02787393 ,334
10.1037/0278-7393.34.1.249,Semantic interference in a delayed naming task: Evidence for the response exclusion hypothesis.,0.0,02787393 ,335
10.1037/0278-7393.34.2.399,Multidimensional visual statistical learning.,1.0,02787393 ,336
10.1037/0278-7393.34.1.204,Accounting for occurrences: A new view of the use of contingency information in causal judgment.,1.0,02787393 ,337
10.1037/0278-7393.34.1.128,Multiple roles for time in short-term memory: Evidence from serial recall of order and timing.,1.0,02787393 ,338
10.1037/0278-7393.34.1.80,An attention-based associative account of adjacent and nonadjacent dependency learning.,1.0,02787393 ,339
10.1037/0278-7393.34.2.369,Orienting attention in visual working memory reduces interference from memory probes.,1.0,02787393 ,340
10.1037/0278-7393.34.1.167,Decision making and learning while taking sequential risks.,0.0,02787393 ,341
10.1037/0022-3514.95.1.76,The rejection of moral rebels: Resenting those who do the right thing.,0.0,00223514,342
10.1037/0022-3514.94.1.16,Why do implicit and explicit attitude tests diverge? The role of structural fit.,1.0,00223514,343
10.1037/0022-3514.94.4.718,"The developmental psychometrics of big five self-reports: Acquiescence, factor structure, coherence, and differentiation from ages 10 to 20.",1.0,00223514,344
10.1037/0022-3514.94.4.696,Terror management and adults' attachment to their parents: The safe haven remains.,0.0,00223514,345
10.1037/a0012833,Increasing and decreasing motor and cognitive output: A model of general action and inaction goals.,0.0,00223514,346
10.1037/0022-3514.94.4.560,Affective incoherence: When affective concepts and embodied reactions clash.,0.0,00223514,348
10.1037/0022-3514.94.1.60,Individual differences in the regulation of intergroup bias: The role of conflict monitoring and neural signals for control.,0.0,00223514,349
10.1037/0022-3514.94.1.1,Left frontal cortical activation and spreading of alternatives: Tests of the action-based model of dissonance.,0.0,00223514,350
10.1037/0022-3514.94.4.600,A social functional approach to emotions in bargaining: when communicating anger pays and when it backfires.,0.0,00223514,351
10.1037/0022-3514.95.2.420,Walking on eggshells: How expressing relationship insecurities perpetuates them.,0.0,00223514,352
10.1037/0022-3514.94.4.647,How the head liberates the heart: Projection of communal responsiveness guides relationship promotion.,1.0,00223514,353
10.1037/0022-3514.94.1.158,Poignancy: Mixed emotional experience in the face of meaningful endings.,0.0,00223514,354
10.1037/0022-3514.94.1.48,1/f noise and effort on implicit measures of bias.,0.0,00223514,355
10.1037/0022-3514.94.4.579,The effect of global versus local processing styles on assimilation versus contrast in social judgment.,0.0,00223514,356
10.1037/0022-3514.94.3.495,Not so innocent: Does seeing one's own capacity for wrongdoing predict forgiveness?,0.0,00223514,357
10.1037/0022-3514.94.3.516,The nonverbal expression of pride: Evidence for cross-cultural recognition.,1.0,00223514,359
10.1037/0022-3514.94.4.672,On the relative independence of thinking biases and cognitive ability.,0.0,00223514,360
10.1037/0022-3514.94.2.94.2.196,Opening the mind to close it: Considering a message in light of important values increases message processing and later resistance to change.,0.0,00223514,361
10.1037/0022-3514.94.5.871,Distinguishing between silent and vocal minorities: Not all deviants feel marginal.,1.0,00223514,362
10.1037/0022-3514.94.2.183,Dynamics of self-regulation: How (un) accomplished goal actions affect motivation.,0.0,00223514,363
10.1037/0022-3514.94.3.396,The effects of an implemental mind-set on attitude strength.,0.0,00223514,364
10.1037/0022-3514.94.1.116,A needs-based model of reconciliation: Satisfying the differential emotional needs of victim and perpetrator as a key to promoting reconciliation.,0.0,00223514,365
10.1111/j.1467-9280.2008.02054.x,The face of success: inferences from chief executive officers' appearance predict company profits.,0.0,09567976,366
10.1037/0022-3514.94.2.94.2.231,Selective exposure and information quantity: How different information quantities moderate decision makers' preference for consistent and inconsistent information.,1.0,00223514,367
10.1037/0022-3514.94.3.382,Self-regulation and selective exposure: The impact of depleted self-regulation resources on confirmatory information processing.,0.0,00223514,368
10.1037/0022-3514.94.1.91,The space between us: Stereotype threat and distance in interracial contexts.,0.0,00223514,369
10.1037/0022-3514.94.3.429,Balancing connectedness and self-protection goals in close relationships: A levels-of-processing perspective on risk regulation.,0.0,00223514,370
10.1037/0022-3514.95.2.274,"Self-handicapping, excuse making, and counterfactual thinking: Consequences for self-esteem and future motivation.",1.0,00223514,371
10.1037/0022-3514.94.4.615,Social identity contingencies: How diversity cues signal threat or safety for African Americans in mainstream institutions.,0.0,00223514,372
10.1111/j.1467-9280.2008.02062.x,"Effects of fluency on psychological distance and mental construal (or why New York is a large city, but New York is a civilized jungle).",0.0,09567976,373
10.1111/j.1467-9280.2008.02066.x,More than meets the eye: the role of language in binding and maintaining feature conjunctions.,0.0,09567976,374
10.1111/j.1467-9280.2008.02078.x,Nonconscious goal pursuit in novel environments: The case of implicit learning.,0.0,09567976,375
10.1111/j.1467-9280.2008.02092.x,Perceptual mechanisms that characterize gender differences in decoding women's sexual intent,0.0,09567976,376
10.1111/j.1467-9280.2008.02057.x,Precision of the anchor influences the amount of adjustment.,1.0,09567976,377
10.1111/j.1467-9280.2008.02041.x,Action dynamics reveal parallel competition in decision making,1.0,09567976,378
10.1111/j.1467-9280.2008.02089.x,Prescribed optimism: Is it right to be wrong about the future?,1.0,09567976,379
10.1111/j.1467-9280.2008.02043.x,Age-related changes in the episodic simulation of future events,1.0,09567976,380
10.1111/j.1467-9280.2008.02069.x,Preschoolers' perspective taking in word learning: do they blindly follow eye gaze?,0.0,09567976,381
10.1111/j.1467-9280.2008.02136.x,Measuring the crowd within: Probabilistic representations within individuals.,1.0,09567976,382
10.1111/j.1467-9280.2008.02046.x,"Temporal selection is suppressed, delayed, and diffused during the attentional blink.",1.0,09567976,383
10.1111/j.1467-9280.2008.02077.x,"Toward a physiology of dual-process reasoning and judgment: lemonade, willpower, and expensive rule-based analysis.",0.0,09567976,384
10.1111/j.1467-9280.2008.02053.x,Errors Are Aversive: Defensive Motivation and the Error-Related Negativity,0.0,09567976,385
10.1111/j.1467-9280.2008.02091.x,The sunny side of fairness: Preference for fairness activates reward circuitry (and disregarding unfairness activates self-control circuitry),1.0,09567976,386
10.1111/j.1467-9280.2008.02098.x,The representation of simple ensemble visual features outside the focus of attention,1.0,09567976,387
10.1111/j.1467-9280.2008.02040.x,Loving those who justify inequality: the effects of system threat on attraction to women who embody benevolent sexist ideals.,0.0,09567976,388
10.1111/j.1467-9280.2008.02080.x,A motion aftereffect from still photographs depicting motion,1.0,09567976,389
10.1111/j.1467-9280.2008.02052.x,The threat of appearing prejudiced and race-based attentional biases.,0.0,09567976,390
10.1111/j.1467-9280.2008.02072.x,Where do we look during potentially offensive behavior?,0.0,09567976,391
10.1111/j.1467-9280.2008.02064.x,Adaptive memory: The comparative value of survival processing.,1.0,09567976,392
10.1111/j.1467-9280.2008.02095.x,"Is happiness having what you want, wanting what you have, or both?",1.0,09567976,393
10.1111/j.1467-9280.2008.02045.x,The value of believing in free will: Encouraging a belief in determinism increases cheating.,0.0,09567976,394
10.1111/j.1467-9280.2008.02050.x,Auditory change detection: simple sounds are not memorized better than complex sounds,1.0,09567976,395
10.1111/j.1467-9280.2008.02084.x,Keeping one's distance: The influence of spatial distance cues on affect and evaluation.,0.0,09567976,396
10.1111/j.1467-9280.2008.02088.x,Hedonic and instrumental motives in anger regulation.,1.0,09567976,397
10.1111/j.1467-9280.2008.02056.x,"Creating social connection through inferential reproduction: Loneliness and perceived agency in gadgets, gods, and greyhounds.",0.0,09567976,398
10.1111/j.1467-9280.2008.02100.x,?In_Group Love? and ?Out_Group Hate? as Motives for Individual Participation in Intergroup Conflict: A New Game Paradigm,1.0,09567976,399
10.1111/j.1467-9280.2008.02070.x,A word-order constraint on phonological activation,0.0,09567976,400
10.1111/j.1467-9280.2008.02060.x,The Best Men Are (Not Always) Already Taken: Female Preference for Single Versus Attached Males Depends on Conception Risk,0.0,09567976,401
10.1111/j.1467-9280.2008.02044.x,Sensitivity to object viewpoint and action instructions during search for targets in the lower visual field,0.0,09567976,402
10.1111/j.1467-9280.2008.02227.x,With a clean conscience: Cleanliness reduces the severity of moral judgments.,0.0,09567976,403
10.1111/j.1467-9280.2008.02049.x,Extremal edge: a powerful cue to depth perception and figure-ground organization,0.0,09567976,404
10.1111/j.1467-9280.2008.02085.x,What Do Cross_National Comparisons of Personality Traits Tell Us? The Case of Conscientiousness,1.0,09567976,405
10.1111/j.1467-9280.2008.02093.x,Personality dominance and preferential use of the vertical dimension of space,0.0,09567976,406
10.1111/j.1467-9280.2008.02042.x,Conflict-triggered goal shielding: Response conflicts attenuate background monitoring for prospective memory cues.,1.0,09567976,407
10.1111/j.1467-9280.2008.02081.x,Detecting the snake in the grass: attention to fear-relevant stimuli by adults and young children.,0.0,09567976,408
10.1111/j.1467-9280.2008.02039.x,The value heuristic in judgments of relative frequency.,0.0,09567976,409
10.1111/j.1467-9280.2008.02051.x,"Head up, foot down: Object words orient attention to the objects' typical location.",0.0,09567976,410
